MachineNo,Station,Date,Time,Rstart,Current,Voltage,Power,Rend,Bonding_Temp,Bonding_Time,Tool_Temp,Bonding_Method,RC1,RC2,Result,TimeStamp,SetValue_WireDiameter,SetValue_NoParallWires,SetValue_CurrentDensity,SetValue_BondingTemperature
#88888,A,01-24-2022,9:39:37,0.327,31.33,13.682,428.6,0.3844,70.3,2.1,25.6,Constant Current,0.02616,0.02616,Fail,1/24/2022 9:39:37 AM,0.114,7,440,100
#88888,A,01-24-2022,9:40:21,0.3282,31.33,13.65,427.7,0.3792,66.1,2.1,26.6,Constant Current,0.02823,0.02823,Fail,1/24/2022 9:40:21 AM,0.114,7,440,100
#88888,B,01-24-2022,9:40:28,0.3266,31.29,14.368,449.6,0.3948,78.4,2.1,25.3,Constant Current,0.03216,0.03216,Fail,1/24/2022 9:40:28 AM,0.114,7,440,100
#88888,A,01-24-2022,9:41:11,0.3297,31.33,13.586,425.7,0.3723,60.6,2.1,27.7,Constant Current,0.03063,0.03063,Fail,1/24/2022 9:41:11 AM,0.114,7,440,100
#88888,B,01-24-2022,9:41:18,0.3281,31.3,14.314,448,0.3821,68.3,2.1,26.4,Constant Current,0.03764,0.03764,Fail,1/24/2022 9:41:18 AM,0.114,7,440,100
#88888,A,01-24-2022,9:41:55,0.3308,31.34,13.678,428.6,0.3771,64.2,2.1,28.6,Constant Current,0.02972,0.02972,Fail,1/24/2022 9:41:55 AM,0.114,7,440,100
#88888,B,01-24-2022,9:42:06,0.3292,31.3,14.02,438.8,0.3887,73.3,2.1,27.3,Constant Current,0.02964,0.02964,Fail,1/24/2022 9:42:6 AM,0.114,7,440,100
#88888,A,01-24-2022,9:42:45,0.3313,31.33,13.846,433.9,0.3871,71.9,2.1,29,Constant Current,0.02738,0.02738,Fail,1/24/2022 9:42:45 AM,0.114,7,440,100
#88888,B,01-24-2022,9:42:52,0.33,31.3,14.097,441.2,0.3811,67.3,2.1,28,Constant Current,0.03467,0.03467,Fail,1/24/2022 9:42:52 AM,0.114,7,440,100
#88888,A,01-24-2022,9:43:29,0.3323,31.33,13.76,431.1,0.3847,69.9,2.1,29.8,Constant Current,0.02725,0.02725,Fail,1/24/2022 9:43:29 AM,0.114,7,440,100
#88888,B,01-24-2022,9:43:40,0.331,31.29,14.013,438.5,0.3818,67.8,2.1,28.7,Constant Current,0.03301,0.03301,Fail,1/24/2022 9:43:40 AM,0.114,7,440,100
#88888,A,01-24-2022,9:44:19,0.333,31.33,13.8,432.4,0.3897,73.7,2.1,30.4,Constant Current,0.02537,0.02537,Fail,1/24/2022 9:44:19 AM,0.114,7,440,100
#88888,B,01-24-2022,9:44:26,0.3319,31.29,14.11,441.5,0.3816,67.6,2.1,29.5,Constant Current,0.03467,0.03467,Fail,1/24/2022 9:44:26 AM,0.114,7,440,100
#88888,A,01-24-2022,9:45:03,0.3335,31.34,13.792,432.2,0.3811,67.1,2.1,30.8,Constant Current,0.02949,0.02949,Fail,1/24/2022 9:45:3 AM,0.114,7,440,100
#88888,B,01-24-2022,9:45:14,0.3326,31.27,14.068,440,0.3922,75.6,2.1,30,Constant Current,0.0288,0.0288,Fail,1/24/2022 9:45:14 AM,0.114,7,440,100
#88888,A,01-24-2022,9:45:53,0.3342,31.32,13.862,434.1,0.3913,74.8,2.1,31.3,Constant Current,0.02564,0.02564,Fail,1/24/2022 9:45:53 AM,0.114,7,440,100
#88888,B,01-24-2022,9:46:00,0.3334,31.28,14.066,439.9,0.3829,68.4,2.1,30.7,Constant Current,0.03344,0.03344,Fail,1/24/2022 9:46:0 AM,0.114,7,440,100
#88888,A,01-24-2022,9:46:37,0.3344,31.32,14.007,438.7,0.3878,72.1,2.1,31.4,Constant Current,0.02969,0.02969,Fail,1/24/2022 9:46:37 AM,0.114,7,440,100
#88888,B,01-24-2022,9:46:48,0.334,31.28,14.186,443.7,0.3854,70.3,2.1,31.1,Constant Current,0.03408,0.03408,Fail,1/24/2022 9:46:48 AM,0.114,7,440,100
#88888,A,01-24-2022,9:47:27,0.3351,31.31,13.892,435,0.3926,75.7,2.1,32,Constant Current,0.02551,0.02551,Fail,1/24/2022 9:47:27 AM,0.114,7,440,100
#88888,B,01-24-2022,9:47:33,0.3347,31.28,14.185,443.7,0.3887,72.7,2.1,31.7,Constant Current,0.03242,0.03242,Fail,1/24/2022 9:47:33 AM,0.114,7,440,100
#88888,A,01-24-2022,9:48:11,0.3352,31.32,13.881,434.7,0.3802,66.2,2.1,32.1,Constant Current,0.03152,0.03152,Fail,1/24/2022 9:48:11 AM,0.114,7,440,100
#88888,B,01-24-2022,9:48:22,0.335,31.28,14.157,442.9,0.3888,72.8,2.1,32,Constant Current,0.03184,0.03184,Fail,1/24/2022 9:48:22 AM,0.114,7,440,100
#88888,A,01-24-2022,9:49:00,0.3356,31.31,13.939,436.5,0.3813,67.1,2.1,32.4,Constant Current,0.03191,0.03191,Fail,1/24/2022 9:49:0 AM,0.114,7,440,100
#88888,B,01-24-2022,9:49:07,0.3356,31.28,14.179,443.5,0.3899,73.6,2.1,32.4,Constant Current,0.03172,0.03172,Fail,1/24/2022 9:49:7 AM,0.114,7,440,100
#88888,A,01-24-2022,9:49:45,0.3366,31.32,13.921,436.1,0.3788,65.1,2.1,33.2,Constant Current,0.03281,0.03281,Fail,1/24/2022 9:49:45 AM,0.114,7,440,100
#88888,B,01-24-2022,9:49:56,0.336,31.27,14.327,448,0.3895,73.3,2.1,32.7,Constant Current,0.03431,0.03431,Fail,1/24/2022 9:49:56 AM,0.114,7,440,100
#88888,A,01-24-2022,9:50:34,0.3366,31.32,13.931,436.3,0.3877,71.8,2.1,33.2,Constant Current,0.02855,0.02855,Fail,1/24/2022 9:50:34 AM,0.114,7,440,100
#88888,B,01-24-2022,9:50:41,0.3365,31.28,14.316,447.8,0.391,74.4,2.1,33.1,Constant Current,0.03332,0.03332,Fail,1/24/2022 9:50:41 AM,0.114,7,440,100
#88888,A,01-24-2022,9:51:19,0.3369,31.33,13.958,437.2,0.3856,70.2,2.1,33.5,Constant Current,0.02998,0.02998,Fail,1/24/2022 9:51:19 AM,0.114,7,440,100
#88888,B,01-24-2022,9:51:30,0.3368,31.28,14.325,448,0.394,76.6,2.1,33.4,Constant Current,0.032,0.032,Fail,1/24/2022 9:51:30 AM,0.114,7,440,100
#88888,A,01-24-2022,9:52:08,0.3375,31.32,14.072,440.7,0.3853,70,2.1,33.9,Constant Current,0.032,0.032,Fail,1/24/2022 9:52:8 AM,0.114,7,440,100
#88888,B,01-24-2022,9:52:15,0.3372,31.28,14.263,446.2,0.3935,76.2,2.1,33.7,Constant Current,0.03123,0.03123,Fail,1/24/2022 9:52:15 AM,0.114,7,440,100
#88888,A,01-24-2022,9:52:53,0.3376,31.32,14.057,440.3,0.3832,68.4,2.1,34,Constant Current,0.0328,0.0328,Fail,1/24/2022 9:52:53 AM,0.114,7,440,100
#88888,B,01-24-2022,9:53:04,0.3375,31.27,14.28,446.6,0.3912,74.4,2.1,33.9,Constant Current,0.03273,0.03273,Fail,1/24/2022 9:53:4 AM,0.114,7,440,100
#88888,A,01-24-2022,9:53:42,0.338,31.31,13.987,438,0.3924,75.3,2.1,34.3,Constant Current,0.02716,0.02716,Fail,1/24/2022 9:53:42 AM,0.114,7,440,100
#88888,B,01-24-2022,9:53:49,0.3379,31.27,14.223,444.8,0.3933,76,2.1,34.3,Constant Current,0.03071,0.03071,Fail,1/24/2022 9:53:49 AM,0.114,7,440,100
#88888,A,01-24-2022,9:54:27,0.3383,31.31,14.14,442.7,0.3924,75.3,2.1,34.6,Constant Current,0.02959,0.02959,Fail,1/24/2022 9:54:27 AM,0.114,7,440,100
#88888,B,01-24-2022,9:54:38,0.3382,31.27,14.251,445.6,0.3912,74.3,2.1,34.5,Constant Current,0.03229,0.03229,Fail,1/24/2022 9:54:38 AM,0.114,7,440,100
#88888,A,01-24-2022,9:55:16,0.3385,31.32,14.088,441.2,0.3858,70.3,2.1,34.7,Constant Current,0.03202,0.03202,Fail,1/24/2022 9:55:16 AM,0.114,7,440,100
#88888,B,01-24-2022,9:55:23,0.3386,31.28,14.323,448.1,0.3953,77.4,2.1,34.8,Constant Current,0.0313,0.0313,Fail,1/24/2022 9:55:23 AM,0.114,7,440,100
#88888,A,01-24-2022,9:56:01,0.3384,31.32,14.088,441.3,0.3853,69.9,2.1,34.7,Constant Current,0.03224,0.03224,Fail,1/24/2022 9:56:1 AM,0.114,7,440,100
#88888,B,01-24-2022,9:56:12,0.3389,31.27,14.327,448,0.3935,76,2.1,35,Constant Current,0.03231,0.03231,Fail,1/24/2022 9:56:12 AM,0.114,7,440,100
#88888,A,01-24-2022,9:56:50,0.339,31.31,14.15,443,0.3861,70.4,2.1,35.1,Constant Current,0.03295,0.03295,Fail,1/24/2022 9:56:50 AM,0.114,7,440,100
#88888,B,01-24-2022,9:56:57,0.3393,31.27,14.409,450.5,0.3966,78.3,2.1,35.3,Constant Current,0.03212,0.03212,Fail,1/24/2022 9:56:57 AM,0.114,7,440,100
#88888,A,01-24-2022,9:57:35,0.3391,31.31,14.079,440.7,0.3868,71,2.1,35.2,Constant Current,0.03147,0.03147,Fail,1/24/2022 9:57:35 AM,0.114,7,440,100
#88888,B,01-24-2022,9:57:45,0.3393,31.28,14.44,451.6,0.406,85.4,2.1,35.3,Constant Current,0.02784,0.02784,Fail,1/24/2022 9:57:45 AM,0.114,7,440,100
#88888,A,01-24-2022,9:58:24,0.3391,31.3,14.135,442.5,0.3994,80.5,2.1,35.2,Constant Current,0.02606,0.02606,Fail,1/24/2022 9:58:24 AM,0.114,7,440,100
#88888,B,01-24-2022,9:58:31,0.3396,31.26,14.433,451.2,0.3986,79.8,2.1,35.6,Constant Current,0.03154,0.03154,Fail,1/24/2022 9:58:31 AM,0.114,7,440,100
#88888,A,01-24-2022,9:59:09,0.3394,31.32,14.099,441.5,0.3848,69.4,2.1,35.5,Constant Current,0.03273,0.03273,Fail,1/24/2022 9:59:9 AM,0.114,7,440,100
#88888,B,01-24-2022,9:59:20,0.3398,31.27,14.45,451.8,0.3978,79.2,2.1,35.8,Constant Current,0.03216,0.03216,Fail,1/24/2022 9:59:20 AM,0.114,7,440,100
#88888,A,01-24-2022,9:59:58,0.3396,31.32,14.15,443.2,0.3922,75,2.1,35.6,Constant Current,0.0298,0.0298,Fail,1/24/2022 9:59:58 AM,0.114,7,440,100
#88888,B,01-24-2022,10:00:05,0.3401,31.28,14.432,451.5,0.3911,74.2,2.1,36,Constant Current,0.03512,0.03512,Fail,1/24/2022 10:0:5 AM,0.114,7,440,100
#88888,A,01-24-2022,10:00:43,0.3397,31.32,14.189,444.3,0.3873,71.3,2.1,35.7,Constant Current,0.03289,0.03289,Fail,1/24/2022 10:0:43 AM,0.114,7,440,100
#88888,B,01-24-2022,10:00:54,0.3403,31.28,14.431,451.4,0.3978,79.2,2.1,36.1,Constant Current,0.03179,0.03179,Fail,1/24/2022 10:0:54 AM,0.114,7,440,100
#88888,A,01-24-2022,10:01:32,0.3396,31.31,14.213,445.1,0.3872,71.2,2.1,35.6,Constant Current,0.03336,0.03336,Fail,1/24/2022 10:1:32 AM,0.114,7,440,100
#88888,B,01-24-2022,10:01:39,0.3405,31.28,14.475,452.7,0.3976,79,2.1,36.3,Constant Current,0.03257,0.03257,Fail,1/24/2022 10:1:39 AM,0.114,7,440,100
#88888,A,01-24-2022,10:02:16,0.3402,31.3,14.189,444.1,0.3952,77.2,2.1,36.1,Constant Current,0.02906,0.02906,Fail,1/24/2022 10:2:16 AM,0.114,7,440,100
#88888,B,01-24-2022,10:02:27,0.3406,31.26,14.044,439,0.3854,69.9,2.1,36.3,Constant Current,0.0319,0.0319,Fail,1/24/2022 10:2:27 AM,0.114,7,440,100
#88888,A,01-24-2022,10:03:06,0.3403,31.31,14.198,444.6,0.4016,82,2.1,36.1,Constant Current,0.02589,0.02589,Fail,1/24/2022 10:3:6 AM,0.114,7,440,100
#88888,B,01-24-2022,10:03:12,0.3407,31.28,14.508,453.8,0.3937,76,2.1,36.5,Constant Current,0.03507,0.03507,Fail,1/24/2022 10:3:12 AM,0.114,7,440,100
#88888,A,01-24-2022,10:03:50,0.3403,31.33,14.185,444.4,0.3983,79.5,2.1,36.1,Constant Current,0.02721,0.02721,Fail,1/24/2022 10:3:50 AM,0.114,7,440,100
#88888,B,01-24-2022,10:04:01,0.3407,31.29,14.561,455.6,0.4011,81.6,2.1,36.5,Constant Current,0.03211,0.03211,Fail,1/24/2022 10:4:1 AM,0.114,7,440,100
#88888,A,01-24-2022,10:04:40,0.3406,31.33,14.206,445,0.4028,82.8,2.1,36.4,Constant Current,0.02535,0.02535,Fail,1/24/2022 10:4:40 AM,0.114,7,440,100
#88888,B,01-24-2022,10:04:46,0.3409,31.29,14.509,454,0.4024,82.5,2.1,36.6,Constant Current,0.03067,0.03067,Fail,1/24/2022 10:4:46 AM,0.114,7,440,100
#88888,B,01-24-2022,10:05:35,0.3411,31.28,14.403,450.5,0.4009,81.4,2.1,36.8,Constant Current,0.02984,0.02984,Fail,1/24/2022 10:5:35 AM,0.114,7,440,100
#88888,A,01-24-2022,10:05:42,0.3403,31.32,14.224,445.5,0.3983,79.5,2.1,36.2,Constant Current,0.02792,0.02792,Fail,1/24/2022 10:5:42 AM,0.114,7,440,100
#88888,B,01-24-2022,10:06:20,0.3412,31.27,14.473,452.5,0.3928,75.3,2.1,36.9,Constant Current,0.03503,0.03503,Fail,1/24/2022 10:6:20 AM,0.114,7,440,100
#88888,A,01-24-2022,10:06:31,0.3405,31.31,14.228,445.4,0.3947,76.8,2.1,36.3,Constant Current,0.02991,0.02991,Fail,1/24/2022 10:6:31 AM,0.114,7,440,100
#88888,B,01-24-2022,10:07:09,0.3415,31.29,14.592,456.6,0.4009,81.4,2.1,37.1,Constant Current,0.03271,0.03271,Fail,1/24/2022 10:7:9 AM,0.114,7,440,100
#88888,A,01-24-2022,10:07:16,0.3408,31.33,14.251,446.5,0.3938,76.1,2.1,36.5,Constant Current,0.03052,0.03052,Fail,1/24/2022 10:7:16 AM,0.114,7,440,100
#88888,B,01-24-2022,10:07:53,0.3416,31.29,14.48,453.1,0.4099,88,2.1,37.1,Constant Current,0.02641,0.02641,Fail,1/24/2022 10:7:53 AM,0.114,7,440,100
#88888,A,01-24-2022,10:08:05,0.3408,31.32,14.159,443.5,0.3886,72.2,2.1,36.5,Constant Current,0.03171,0.03171,Fail,1/24/2022 10:8:5 AM,0.114,7,440,100
#88888,B,01-24-2022,10:08:42,0.3414,31.28,14.404,450.5,0.4033,83.2,2.1,37,Constant Current,0.02857,0.02857,Fail,1/24/2022 10:8:42 AM,0.114,7,440,100
#88888,A,01-24-2022,10:08:50,0.3408,31.32,14.297,447.7,0.3925,75.2,2.1,36.6,Constant Current,0.03199,0.03199,Fail,1/24/2022 10:8:50 AM,0.114,7,440,100
#88888,B,01-24-2022,10:09:27,0.3417,31.28,14.422,451.2,0.4019,82.1,2.1,37.2,Constant Current,0.02953,0.02953,Fail,1/24/2022 10:9:27 AM,0.114,7,440,100
#88888,A,01-24-2022,10:09:39,0.3412,31.31,14.244,446,0.4005,81,2.1,36.8,Constant Current,0.02721,0.02721,Fail,1/24/2022 10:9:39 AM,0.114,7,440,100
#88888,B,01-24-2022,10:10:16,0.3416,31.27,14.448,451.7,0.396,77.7,2.1,37.2,Constant Current,0.03307,0.03307,Fail,1/24/2022 10:10:16 AM,0.114,7,440,100
#88888,A,01-24-2022,10:10:24,0.3414,31.31,14.243,446,0.3895,72.9,2.1,37,Constant Current,0.03269,0.03269,Fail,1/24/2022 10:10:24 AM,0.114,7,440,100
#88888,B,01-24-2022,10:11:00,0.342,31.28,14.443,451.7,0.402,82.1,2.1,37.5,Constant Current,0.02988,0.02988,Fail,1/24/2022 10:11:0 AM,0.114,7,440,100
#88888,A,01-24-2022,10:11:13,0.3415,31.32,14.248,446.2,0.3935,75.8,2.1,37.1,Constant Current,0.03075,0.03075,Fail,1/24/2022 10:11:13 AM,0.114,7,440,100
#88888,B,01-24-2022,10:11:49,0.3419,31.28,14.514,454,0.4026,82.6,2.1,37.4,Constant Current,0.03074,0.03074,Fail,1/24/2022 10:11:49 AM,0.114,7,440,100
#88888,A,01-24-2022,10:11:58,0.3416,31.32,14.257,446.5,0.4054,84.7,2.1,37.2,Constant Current,0.02489,0.02489,Fail,1/24/2022 10:11:58 AM,0.114,7,440,100
#88888,B,01-24-2022,10:12:33,0.3423,31.76,9.745,353.9,0.2402,-38.2,1.5,37.7,Constant Current,0.03331,0.03331,Fail,1/24/2022 10:12:33 AM,0.114,7,440,100
#88888,A,01-24-2022,10:12:47,0.3416,31.31,14.194,444.4,0.3847,69.3,2.1,37.2,Constant Current,0.03432,0.03432,Fail,1/24/2022 10:12:47 AM,0.114,7,440,100
#88888,B,01-24-2022,10:13:22,0.342,31.28,14.529,454.5,0.3984,79.4,2.1,37.5,Constant Current,0.03304,0.03304,Fail,1/24/2022 10:13:22 AM,0.114,7,440,100
#88888,A,01-24-2022,10:13:31,0.3417,31.32,14.228,445.5,0.3891,72.5,2.1,37.2,Constant Current,0.03262,0.03262,Fail,1/24/2022 10:13:31 AM,0.114,7,440,100
#88888,B,01-24-2022,10:14:07,0.3423,31.28,14.499,453.5,0.4059,85,2.1,37.7,Constant Current,0.02884,0.02884,Fail,1/24/2022 10:14:7 AM,0.114,7,440,100
#88888,A,01-24-2022,10:14:21,0.3415,31.32,14.257,446.5,0.3953,77.2,2.1,37.1,Constant Current,0.02995,0.02995,Fail,1/24/2022 10:14:21 AM,0.114,7,440,100
#88888,B,01-24-2022,10:14:55,0.3421,31.28,14.558,455.3,0.4125,90,2.1,37.6,Constant Current,0.02645,0.02645,Fail,1/24/2022 10:14:55 AM,0.114,7,440,100
#88888,A,01-24-2022,10:15:05,0.3418,31.32,14.345,449.3,0.3899,73.2,2.1,37.3,Constant Current,0.03406,0.03406,Fail,1/24/2022 10:15:5 AM,0.114,7,440,100
#88888,B,01-24-2022,10:15:40,0.3424,31.3,14.48,453.2,0.3979,79.1,2.1,37.8,Constant Current,0.03239,0.03239,Fail,1/24/2022 10:15:40 AM,0.114,7,440,100
#88888,A,01-24-2022,10:15:55,0.3419,31.33,14.275,447.3,0.3979,79.1,2.1,37.4,Constant Current,0.02881,0.02881,Fail,1/24/2022 10:15:55 AM,0.114,7,440,100
#88888,B,01-24-2022,10:16:29,0.3425,31.29,14.54,455,0.4045,84,2.1,37.9,Constant Current,0.0301,0.0301,Fail,1/24/2022 10:16:29 AM,0.114,7,440,100
#88888,A,01-24-2022,10:16:39,0.3415,31.33,14.35,449.6,0.3916,74.4,2.1,37.1,Constant Current,0.03324,0.03324,Fail,1/24/2022 10:16:39 AM,0.114,7,440,100
#88888,B,01-24-2022,10:17:14,0.3426,31.28,14.568,455.6,0.4013,81.6,2.1,38,Constant Current,0.03225,0.03225,Fail,1/24/2022 10:17:14 AM,0.114,7,440,100
#88888,A,01-24-2022,10:17:29,0.3422,31.31,14.313,448.2,0.3897,73,2.1,37.6,Constant Current,0.03367,0.03367,Fail,1/24/2022 10:17:29 AM,0.114,7,440,100
#88888,B,01-24-2022,10:18:03,0.3426,31.28,14.555,455.3,0.4133,90.5,2.1,38,Constant Current,0.026,0.026,Fail,1/24/2022 10:18:3 AM,0.114,7,440,100
#88888,A,01-24-2022,10:18:13,0.342,31.32,14.323,448.6,0.389,72.4,2.1,37.5,Constant Current,0.03415,0.03415,Fail,1/24/2022 10:18:13 AM,0.114,7,440,100
#88888,B,01-24-2022,10:18:47,0.3428,31.28,14.566,455.7,0.4022,82.2,2.1,38.1,Constant Current,0.0317,0.0317,Fail,1/24/2022 10:18:47 AM,0.114,7,440,100
#88888,A,01-24-2022,10:19:02,0.342,31.32,14.277,447.2,0.3962,77.8,2.1,37.5,Constant Current,0.02983,0.02983,Fail,1/24/2022 10:19:2 AM,0.114,7,440,100
#88888,B,01-24-2022,10:19:36,0.3427,31.28,14.57,455.8,0.4074,86.1,2.1,38.1,Constant Current,0.02917,0.02917,Fail,1/24/2022 10:19:36 AM,0.114,7,440,100
#88888,A,01-24-2022,10:19:47,0.3421,31.32,14.265,446.8,0.3946,76.6,2.1,37.5,Constant Current,0.03043,0.03043,Fail,1/24/2022 10:19:47 AM,0.114,7,440,100
#88888,B,01-24-2022,10:20:20,0.3429,31.27,14.718,460.3,0.4005,81,2.1,38.2,Constant Current,0.03507,0.03507,Fail,1/24/2022 10:20:20 AM,0.114,7,440,100
#88888,A,01-24-2022,10:20:36,0.3421,31.32,14.332,448.8,0.3903,73.4,2.1,37.6,Constant Current,0.03368,0.03368,Fail,1/24/2022 10:20:36 AM,0.114,7,440,100
#88888,B,01-24-2022,10:21:09,0.3428,31.3,14.695,459.9,0.4146,91.4,2.1,38.1,Constant Current,0.0275,0.0275,Fail,1/24/2022 10:21:9 AM,0.114,7,440,100
#88888,A,01-24-2022,10:21:21,0.3424,31.33,14.332,449,0.4019,82,2.1,37.8,Constant Current,0.0278,0.0278,Fail,1/24/2022 10:21:21 AM,0.114,7,440,100
#88888,B,01-24-2022,10:21:54,0.3428,31.29,14.743,461.3,0.3992,80,2.1,38.2,Constant Current,0.03601,0.03601,Fail,1/24/2022 10:21:54 AM,0.114,7,440,100
#88888,A,01-24-2022,10:22:10,0.3423,31.32,14.268,446.9,0.405,84.3,2.1,37.7,Constant Current,0.02527,0.02527,Fail,1/24/2022 10:22:10 AM,0.114,7,440,100
#88888,B,01-24-2022,10:22:43,0.343,31.28,14.613,457.1,0.4014,81.6,2.1,38.3,Constant Current,0.03287,0.03287,Fail,1/24/2022 10:22:43 AM,0.114,7,440,100
#88888,A,01-24-2022,10:22:55,0.3427,31.32,14.361,449.7,0.3899,73.1,2.1,38,Constant Current,0.03434,0.03434,Fail,1/24/2022 10:22:55 AM,0.114,7,440,100
#88888,B,01-24-2022,10:23:27,0.343,31.28,14.503,453.7,0.3993,80.1,2.1,38.3,Constant Current,0.03214,0.03214,Fail,1/24/2022 10:23:27 AM,0.114,7,440,100
#88888,A,01-24-2022,10:23:44,0.3421,31.32,14.312,448.3,0.3998,80.5,2.1,37.5,Constant Current,0.02856,0.02856,Fail,1/24/2022 10:23:44 AM,0.114,7,440,100
#88888,B,01-24-2022,10:24:16,0.3432,31.28,14.539,454.8,0.4022,82.2,2.1,38.4,Constant Current,0.03128,0.03128,Fail,1/24/2022 10:24:16 AM,0.114,7,440,100
#88888,A,01-24-2022,10:24:29,0.3423,31.31,14.294,447.6,0.3909,73.9,2.1,37.8,Constant Current,0.03276,0.03276,Fail,1/24/2022 10:24:29 AM,0.114,7,440,100
#88888,B,01-24-2022,10:25:01,0.3433,31.29,14.752,461.5,0.4139,90.9,2.1,38.5,Constant Current,0.02879,0.02879,Fail,1/24/2022 10:25:1 AM,0.114,7,440,100
#88888,A,01-24-2022,10:25:18,0.3423,31.32,14.297,447.7,0.3975,78.8,2.1,37.7,Constant Current,0.0295,0.0295,Fail,1/24/2022 10:25:18 AM,0.114,7,440,100
#88888,B,01-24-2022,10:25:49,0.3431,31.27,14.803,463,0.408,86.5,2.1,38.4,Constant Current,0.03267,0.03267,Fail,1/24/2022 10:25:49 AM,0.114,7,440,100
#88888,A,01-24-2022,10:26:03,0.3425,31.32,14.317,448.3,0.3904,73.5,2.1,37.9,Constant Current,0.03338,0.03338,Fail,1/24/2022 10:26:3 AM,0.114,7,440,100
#88888,B,01-24-2022,10:26:34,0.3434,31.27,14.786,462.3,0.4038,83.4,2.1,38.6,Constant Current,0.03454,0.03454,Fail,1/24/2022 10:26:34 AM,0.114,7,440,100
#88888,A,01-24-2022,10:26:52,0.3425,31.31,14.346,449.1,0.4025,82.4,2.1,37.9,Constant Current,0.0279,0.0279,Fail,1/24/2022 10:26:52 AM,0.114,7,440,100
#88888,B,01-24-2022,10:27:23,0.3433,31.27,14.743,461,0.4036,83.2,2.1,38.5,Constant Current,0.03392,0.03392,Fail,1/24/2022 10:27:23 AM,0.114,7,440,100
#88888,A,01-24-2022,10:27:37,0.3426,31.31,14.322,448.5,0.3935,75.8,2.1,38,Constant Current,0.03195,0.03195,Fail,1/24/2022 10:27:37 AM,0.114,7,440,100
#88888,B,01-24-2022,10:28:08,0.3436,31.27,14.738,460.9,0.403,82.8,2.1,38.7,Constant Current,0.03412,0.03412,Fail,1/24/2022 10:28:8 AM,0.114,7,440,100
#88888,A,01-24-2022,10:28:26,0.3425,31.31,14.359,449.6,0.399,79.9,2.1,37.9,Constant Current,0.0298,0.0298,Fail,1/24/2022 10:28:26 AM,0.114,7,440,100
#88888,B,01-24-2022,10:28:56,0.3432,31.27,14.683,459.2,0.4048,84.1,2.1,38.5,Constant Current,0.03233,0.03233,Fail,1/24/2022 10:28:56 AM,0.114,7,440,100
#88888,A,01-24-2022,10:29:11,0.3425,31.31,14.338,448.9,0.3932,75.6,2.1,37.9,Constant Current,0.03239,0.03239,Fail,1/24/2022 10:29:11 AM,0.114,7,440,100
#88888,B,01-24-2022,10:29:41,0.3433,31.27,14.655,458.3,0.3916,74.3,2.1,38.5,Constant Current,0.03851,0.03851,Fail,1/24/2022 10:29:41 AM,0.114,7,440,100
#88888,A,01-24-2022,10:30:00,0.3429,31.31,14.297,447.6,0.4079,86.5,2.1,38.2,Constant Current,0.02436,0.02436,Fail,1/24/2022 10:30:0 AM,0.114,7,440,100
#88888,B,01-24-2022,10:30:30,0.3434,31.27,14.537,454.5,0.4127,90,2.1,38.6,Constant Current,0.02609,0.02609,Fail,1/24/2022 10:30:30 AM,0.114,7,440,100
#88888,A,01-24-2022,10:30:45,0.3429,31.31,14.326,448.5,0.3898,73,2.1,38.2,Constant Current,0.0339,0.0339,Fail,1/24/2022 10:30:45 AM,0.114,7,440,100
#88888,B,01-24-2022,10:31:15,0.3435,31.28,14.602,456.7,0.4134,90.5,2.1,38.7,Constant Current,0.0267,0.0267,Fail,1/24/2022 10:31:15 AM,0.114,7,440,100
#88888,A,01-24-2022,10:31:34,0.3426,31.32,14.353,449.6,0.3909,73.9,2.1,38,Constant Current,0.03365,0.03365,Fail,1/24/2022 10:31:34 AM,0.114,7,440,100
#88888,A,01-24-2022,12:01:03,0.3306,31.33,13.718,429.8,0.3852,70.5,2.1,28.5,Constant Current,0.02635,0.02635,Fail,1/24/2022 12:1:3 PM,0.114,7,440,100
#88888,B,01-24-2022,12:01:10,0.3352,31.28,14.091,440.8,0.4147,92.4,2.1,32.1,Constant Current,0.01788,0.01788,Fail,1/24/2022 12:1:10 PM,0.114,7,440,100
#88888,A,01-24-2022,12:01:47,0.3318,31.32,13.753,430.8,0.3838,69.3,2.1,29.4,Constant Current,0.02763,0.02763,Fail,1/24/2022 12:1:47 PM,0.114,7,440,100
#88888,B,01-24-2022,12:01:54,0.3362,31.29,13.989,437.7,0.3981,79.8,2.1,32.9,Constant Current,0.02451,0.02451,Fail,1/24/2022 12:1:54 PM,0.114,7,440,100
#88888,A,01-24-2022,12:02:37,0.3329,31.32,13.743,430.5,0.3897,73.7,2.1,30.2,Constant Current,0.0245,0.0245,Fail,1/24/2022 12:2:37 PM,0.114,7,440,100
#88888,B,01-24-2022,12:02:43,0.3367,31.28,14.036,439.1,0.4033,83.6,2.1,33.3,Constant Current,0.0227,0.0227,Fail,1/24/2022 12:2:43 PM,0.114,7,440,100
#88888,A,01-24-2022,12:03:21,0.3337,31.32,13.759,430.9,0.3764,63.4,2.1,30.9,Constant Current,0.03147,0.03147,Fail,1/24/2022 12:3:21 PM,0.114,7,440,100
#88888,B,01-24-2022,12:03:28,0.3372,31.28,14.035,439,0.3876,71.7,2.1,33.7,Constant Current,0.03055,0.03055,Fail,1/24/2022 12:3:28 PM,0.114,7,440,100
#88888,A,01-24-2022,12:04:10,0.3345,31.32,13.852,433.8,0.3961,78.4,2.1,31.5,Constant Current,0.02312,0.02312,Fail,1/24/2022 12:4:10 PM,0.114,7,440,100
#88888,B,01-24-2022,12:04:17,0.3376,31.28,14.106,441.2,0.4012,81.9,2.1,34,Constant Current,0.02488,0.02488,Fail,1/24/2022 12:4:17 PM,0.114,7,440,100
#88888,A,01-24-2022,12:04:55,0.335,31.32,13.81,432.5,0.3926,75.7,2.1,31.9,Constant Current,0.02417,0.02417,Fail,1/24/2022 12:4:55 PM,0.114,7,440,100
#88888,B,01-24-2022,12:05:02,0.338,31.28,14.044,439.3,0.3983,79.7,2.1,34.3,Constant Current,0.02533,0.02533,Fail,1/24/2022 12:5:2 PM,0.114,7,440,100
#88888,A,01-24-2022,12:05:44,0.3354,31.32,13.97,437.5,0.3824,67.9,2.1,32.2,Constant Current,0.03181,0.03181,Fail,1/24/2022 12:5:44 PM,0.114,7,440,100
#88888,B,01-24-2022,12:05:51,0.3384,31.28,14.202,444.2,0.4038,83.8,2.1,34.7,Constant Current,0.02512,0.02512,Fail,1/24/2022 12:5:51 PM,0.114,7,440,100
#88888,A,01-24-2022,12:06:29,0.3359,31.32,13.929,436.3,0.392,75.2,2.1,32.7,Constant Current,0.02632,0.02632,Fail,1/24/2022 12:6:29 PM,0.114,7,440,100
#88888,B,01-24-2022,12:06:36,0.3388,31.27,14.134,442,0.3903,73.7,2.1,35,Constant Current,0.0308,0.0308,Fail,1/24/2022 12:6:36 PM,0.114,7,440,100
#88888,A,01-24-2022,12:07:18,0.3363,31.31,13.912,435.5,0.3911,74.4,2.1,32.9,Constant Current,0.02662,0.02662,Fail,1/24/2022 12:7:18 PM,0.114,7,440,100
#88888,B,01-24-2022,12:07:25,0.3391,31.27,14.294,447,0.4093,87.9,2.1,35.2,Constant Current,0.02388,0.02388,Fail,1/24/2022 12:7:25 PM,0.114,7,440,100
#88888,A,01-24-2022,12:08:03,0.3364,31.31,13.91,435.5,0.3892,72.9,2.1,33.1,Constant Current,0.02756,0.02756,Fail,1/24/2022 12:8:3 PM,0.114,7,440,100
#88888,B,01-24-2022,12:08:10,0.3395,31.28,14.214,444.6,0.3937,76.1,2.1,35.5,Constant Current,0.03038,0.03038,Fail,1/24/2022 12:8:10 PM,0.114,7,440,100
#88888,A,01-24-2022,12:08:52,0.3368,31.32,13.941,436.6,0.3838,68.9,2.1,33.3,Constant Current,0.03069,0.03069,Fail,1/24/2022 12:8:52 PM,0.114,7,440,100
#88888,B,01-24-2022,12:08:59,0.3397,31.29,14.308,447.7,0.398,79.4,2.1,35.7,Constant Current,0.02961,0.02961,Fail,1/24/2022 12:8:59 PM,0.114,7,440,100
#88888,A,01-24-2022,12:09:37,0.3376,31.33,13.977,437.9,0.384,68.9,2.1,34,Constant Current,0.03105,0.03105,Fail,1/24/2022 12:9:37 PM,0.114,7,440,100
#88888,B,01-24-2022,12:09:44,0.3399,31.28,14.313,447.7,0.4008,81.4,2.1,35.8,Constant Current,0.02839,0.02839,Fail,1/24/2022 12:9:44 PM,0.114,7,440,100
#88888,A,01-24-2022,12:10:26,0.3377,31.33,14.005,438.7,0.3853,69.9,2.1,34.1,Constant Current,0.03089,0.03089,Fail,1/24/2022 12:10:26 PM,0.114,7,440,100
#88888,B,01-24-2022,12:10:33,0.3402,31.29,14.334,448.4,0.4027,82.8,2.1,36.1,Constant Current,0.02775,0.02775,Fail,1/24/2022 12:10:33 PM,0.114,7,440,100
#88888,A,01-24-2022,12:11:11,0.3381,31.31,13.963,437.1,0.3841,69,2.1,34.4,Constant Current,0.03098,0.03098,Fail,1/24/2022 12:11:11 PM,0.114,7,440,100
#88888,B,01-24-2022,12:11:18,0.3405,31.27,14.222,444.7,0.3991,80.1,2.1,36.3,Constant Current,0.02784,0.02784,Fail,1/24/2022 12:11:18 PM,0.114,7,440,100
#88888,A,01-24-2022,12:12:00,0.3387,31.32,14.018,439.1,0.3879,71.8,2.1,34.9,Constant Current,0.02985,0.02985,Fail,1/24/2022 12:12:0 PM,0.114,7,440,100
#88888,B,01-24-2022,12:12:07,0.3408,31.29,14.282,446.9,0.4041,83.8,2.1,36.5,Constant Current,0.02615,0.02615,Fail,1/24/2022 12:12:7 PM,0.114,7,440,100
#88888,A,01-24-2022,12:12:45,0.3387,31.33,14.057,440.4,0.3873,71.3,2.1,34.8,Constant Current,0.03073,0.03073,Fail,1/24/2022 12:12:45 PM,0.114,7,440,100
#88888,B,01-24-2022,12:12:52,0.3409,31.29,14.3,447.4,0.4024,82.5,2.1,36.6,Constant Current,0.02731,0.02731,Fail,1/24/2022 12:12:52 PM,0.114,7,440,100
#88888,A,01-24-2022,12:13:34,0.339,31.33,14.034,439.7,0.3832,68.3,2.1,35.1,Constant Current,0.03233,0.03233,Fail,1/24/2022 12:13:34 PM,0.114,7,440,100
#88888,B,01-24-2022,12:13:41,0.3411,31.3,14.394,450.5,0.3994,80.3,2.1,36.8,Constant Current,0.03025,0.03025,Fail,1/24/2022 12:13:41 PM,0.114,7,440,100
#88888,A,01-24-2022,12:14:19,0.3396,31.34,14.058,440.5,0.3838,68.7,2.1,35.6,Constant Current,0.0324,0.0324,Fail,1/24/2022 12:14:19 PM,0.114,7,440,100
#88888,B,01-24-2022,12:14:26,0.3413,31.3,14.342,449,0.3947,76.8,2.1,37,Constant Current,0.0317,0.0317,Fail,1/24/2022 12:14:26 PM,0.114,7,440,100
#88888,A,01-24-2022,12:15:08,0.3399,31.33,14.082,441.2,0.3913,74.3,2.1,35.8,Constant Current,0.02909,0.02909,Fail,1/24/2022 12:15:8 PM,0.114,7,440,100
#88888,B,01-24-2022,12:15:15,0.3414,31.3,14.441,452,0.3947,76.7,2.1,37,Constant Current,0.03333,0.03333,Fail,1/24/2022 12:15:15 PM,0.114,7,440,100
#88888,A,01-24-2022,12:15:53,0.34,31.31,14.13,442.4,0.3854,69.8,2.1,35.9,Constant Current,0.03297,0.03297,Fail,1/24/2022 12:15:53 PM,0.114,7,440,100
#88888,B,01-24-2022,12:16:00,0.3417,31.27,14.381,449.7,0.3981,79.3,2.1,37.3,Constant Current,0.0309,0.0309,Fail,1/24/2022 12:16:0 PM,0.114,7,440,100
#88888,A,01-24-2022,12:16:42,0.3399,31.31,14.126,442.4,0.3881,71.9,2.1,35.8,Constant Current,0.03152,0.03152,Fail,1/24/2022 12:16:42 PM,0.114,7,440,100
#88888,B,01-24-2022,12:16:49,0.3418,31.28,14.446,451.9,0.3966,78.1,2.1,37.3,Constant Current,0.0326,0.0326,Fail,1/24/2022 12:16:49 PM,0.114,7,440,100
#88888,A,01-24-2022,12:17:27,0.3403,31.33,14.123,442.4,0.3898,73.1,2.1,36.2,Constant Current,0.03054,0.03054,Fail,1/24/2022 12:17:27 PM,0.114,7,440,100
#88888,B,01-24-2022,12:17:34,0.3419,31.28,14.441,451.7,0.3976,78.9,2.1,37.4,Constant Current,0.03201,0.03201,Fail,1/24/2022 12:17:34 PM,0.114,7,440,100
#88888,A,01-24-2022,12:18:16,0.3402,31.32,14.143,443,0.3887,72.3,2.1,36.1,Constant Current,0.03142,0.03142,Fail,1/24/2022 12:18:16 PM,0.114,7,440,100
#88888,B,01-24-2022,12:18:23,0.3419,31.28,14.435,451.5,0.4115,89.2,2.1,37.4,Constant Current,0.02499,0.02499,Fail,1/24/2022 12:18:23 PM,0.114,7,440,100
#88888,A,01-24-2022,12:19:01,0.3406,31.32,14.165,443.6,0.3841,68.9,2.1,36.4,Constant Current,0.03408,0.03408,Fail,1/24/2022 12:19:1 PM,0.114,7,440,100
#88888,B,01-24-2022,12:19:08,0.3419,31.27,14.537,454.6,0.403,82.9,2.1,37.4,Constant Current,0.03092,0.03092,Fail,1/24/2022 12:19:8 PM,0.114,7,440,100
#88888,A,01-24-2022,12:19:50,0.3405,31.31,14.156,443.3,0.3909,73.9,2.1,36.3,Constant Current,0.03062,0.03062,Fail,1/24/2022 12:19:50 PM,0.114,7,440,100
#88888,B,01-24-2022,12:19:57,0.342,31.28,14.456,452.2,0.408,86.6,2.1,37.5,Constant Current,0.02709,0.02709,Fail,1/24/2022 12:19:57 PM,0.114,7,440,100
#88888,A,01-24-2022,12:20:35,0.3408,31.33,14.186,444.4,0.3915,74.4,2.1,36.6,Constant Current,0.03065,0.03065,Fail,1/24/2022 12:20:35 PM,0.114,7,440,100
#88888,B,01-24-2022,12:20:42,0.3422,31.29,14.376,449.8,0.4015,81.8,2.1,37.6,Constant Current,0.02898,0.02898,Fail,1/24/2022 12:20:42 PM,0.114,7,440,100
#88888,A,01-24-2022,12:21:24,0.3407,31.33,14.281,447.4,0.391,74,2.1,36.5,Constant Current,0.03244,0.03244,Fail,1/24/2022 12:21:24 PM,0.114,7,440,100
#88888,B,01-24-2022,12:21:31,0.3422,31.28,14.52,454.2,0.3995,80.2,2.1,37.7,Constant Current,0.03236,0.03236,Fail,1/24/2022 12:21:31 PM,0.114,7,440,100
#88888,A,01-24-2022,12:22:09,0.3411,31.31,14.198,444.5,0.404,83.7,2.1,36.8,Constant Current,0.02477,0.02477,Fail,1/24/2022 12:22:9 PM,0.114,7,440,100
#88888,B,01-24-2022,12:22:16,0.3425,31.28,14.523,454.2,0.4016,81.8,2.1,37.9,Constant Current,0.03139,0.03139,Fail,1/24/2022 12:22:16 PM,0.114,7,440,100
#88888,A,01-24-2022,12:22:58,0.3413,31.31,14.151,443.1,0.4021,82.2,2.1,36.9,Constant Current,0.02495,0.02495,Fail,1/24/2022 12:22:58 PM,0.114,7,440,100
#88888,B,01-24-2022,12:23:05,0.3426,31.28,14.509,453.8,0.4049,84.3,2.1,38,Constant Current,0.02945,0.02945,Fail,1/24/2022 12:23:5 PM,0.114,7,440,100
#88888,A,01-24-2022,12:23:43,0.3413,31.33,14.243,446.2,0.3938,76.1,2.1,37,Constant Current,0.03042,0.03042,Fail,1/24/2022 12:23:43 PM,0.114,7,440,100
#88888,B,01-24-2022,12:23:50,0.3428,31.29,14.425,451.3,0.4026,82.5,2.1,38.1,Constant Current,0.02922,0.02922,Fail,1/24/2022 12:23:50 PM,0.114,7,440,100
#88888,A,01-24-2022,12:24:32,0.3415,31.31,14.226,445.4,0.3907,73.8,2.1,37.1,Constant Current,0.03184,0.03184,Fail,1/24/2022 12:24:32 PM,0.114,7,440,100
#88888,B,01-24-2022,12:24:39,0.3428,31.27,14.564,455.4,0.3987,79.7,2.1,38.1,Constant Current,0.03351,0.03351,Fail,1/24/2022 12:24:39 PM,0.114,7,440,100
#88888,A,01-24-2022,12:25:17,0.3417,31.3,14.178,443.8,0.3912,74.2,2.1,37.2,Constant Current,0.03084,0.03084,Fail,1/24/2022 12:25:17 PM,0.114,7,440,100
#88888,B,01-24-2022,12:25:24,0.3429,31.27,14.545,454.8,0.408,86.5,2.1,38.2,Constant Current,0.02858,0.02858,Fail,1/24/2022 12:25:24 PM,0.114,7,440,100
#88888,A,01-24-2022,12:26:06,0.3419,31.32,14.204,444.8,0.3945,76.6,2.1,37.4,Constant Current,0.02953,0.02953,Fail,1/24/2022 12:26:6 PM,0.114,7,440,100
#88888,B,01-24-2022,12:26:13,0.3428,31.28,14.638,457.9,0.4077,86.3,2.1,38.1,Constant Current,0.03013,0.03013,Fail,1/24/2022 12:26:13 PM,0.114,7,440,100
#88888,A,01-24-2022,12:26:51,0.3419,31.33,14.234,446,0.391,73.9,2.1,37.4,Constant Current,0.03167,0.03167,Fail,1/24/2022 12:26:51 PM,0.114,7,440,100
#88888,B,01-24-2022,12:26:58,0.3431,31.28,14.622,457.4,0.4011,81.4,2.1,38.4,Constant Current,0.03314,0.03314,Fail,1/24/2022 12:26:58 PM,0.114,7,440,100
#88888,A,01-24-2022,12:27:40,0.3421,31.3,14.277,446.9,0.4045,84,2.1,37.6,Constant Current,0.02581,0.02581,Fail,1/24/2022 12:27:40 PM,0.114,7,440,100
#88888,B,01-24-2022,12:27:47,0.343,31.27,14.599,456.5,0.4077,86.3,2.1,38.3,Constant Current,0.02956,0.02956,Fail,1/24/2022 12:27:47 PM,0.114,7,440,100
#88888,A,01-24-2022,12:28:25,0.3424,31.32,14.205,444.9,0.4033,83,2.1,37.8,Constant Current,0.02513,0.02513,Fail,1/24/2022 12:28:25 PM,0.114,7,440,100
#88888,B,01-24-2022,12:28:32,0.3432,31.28,14.693,459.6,0.4107,88.5,2.1,38.4,Constant Current,0.0295,0.0295,Fail,1/24/2022 12:28:32 PM,0.114,7,440,100
#88888,A,01-24-2022,12:29:14,0.3422,31.33,14.248,446.3,0.398,79.2,2.1,37.6,Constant Current,0.0284,0.0284,Fail,1/24/2022 12:29:14 PM,0.114,7,440,100
#88888,B,01-24-2022,12:29:21,0.3434,31.28,14.577,456,0.4054,84.6,2.1,38.6,Constant Current,0.0303,0.0303,Fail,1/24/2022 12:29:21 PM,0.114,7,440,100
#88888,A,01-24-2022,12:29:59,0.3426,31.32,14.298,447.8,0.3901,73.2,2.1,37.9,Constant Current,0.03318,0.03318,Fail,1/24/2022 12:29:59 PM,0.114,7,440,100
#88888,B,01-24-2022,12:30:06,0.3434,31.29,14.64,458,0.4089,87.2,2.1,38.6,Constant Current,0.0295,0.0295,Fail,1/24/2022 12:30:6 PM,0.114,7,440,100
#88888,A,01-24-2022,12:30:48,0.3421,31.31,14.286,447.3,0.3885,72.1,2.1,37.6,Constant Current,0.03386,0.03386,Fail,1/24/2022 12:30:48 PM,0.114,7,440,100
#88888,B,01-24-2022,12:30:55,0.3433,31.27,14.654,458.3,0.4054,84.5,2.1,38.5,Constant Current,0.03159,0.03159,Fail,1/24/2022 12:30:55 PM,0.114,7,440,100
#88888,A,01-24-2022,12:31:32,0.3424,31.32,14.205,444.9,0.3884,72,2.1,37.8,Constant Current,0.03258,0.03258,Fail,1/24/2022 12:31:32 PM,0.114,7,440,100
#88888,B,01-24-2022,12:31:59,0.3434,31.28,14.615,457.1,0.403,82.8,2.1,38.6,Constant Current,0.03212,0.03212,Fail,1/24/2022 12:31:59 PM,0.114,7,440,100
#88888,A,01-24-2022,12:32:22,0.3428,31.31,14.24,445.8,0.3895,72.8,2.1,38.1,Constant Current,0.03268,0.03268,Fail,1/24/2022 12:32:22 PM,0.114,7,440,100
#88888,B,01-24-2022,12:32:48,0.3434,31.26,14.502,453.4,0.4001,80.6,2.1,38.6,Constant Current,0.03188,0.03188,Fail,1/24/2022 12:32:48 PM,0.114,7,440,100
#88888,A,01-24-2022,12:33:06,0.3427,31.31,14.335,448.9,0.4014,81.6,2.1,38.1,Constant Current,0.02821,0.02821,Fail,1/24/2022 12:33:6 PM,0.114,7,440,100
#88888,B,01-24-2022,12:33:32,0.3435,31.28,14.61,457,0.4013,81.5,2.1,38.7,Constant Current,0.03289,0.03289,Fail,1/24/2022 12:33:32 PM,0.114,7,440,100
#88888,A,01-24-2022,12:33:56,0.3428,31.31,14.226,445.4,0.3881,71.8,2.1,38.1,Constant Current,0.03316,0.03316,Fail,1/24/2022 12:33:56 PM,0.114,7,440,100
#88888,B,01-24-2022,12:34:21,0.3436,31.29,14.648,458.3,0.4057,84.7,2.1,38.7,Constant Current,0.03124,0.03124,Fail,1/24/2022 12:34:21 PM,0.114,7,440,100
#88888,A,01-24-2022,12:34:40,0.3429,31.33,14.279,447.3,0.3898,73,2.1,38.2,Constant Current,0.03301,0.03301,Fail,1/24/2022 12:34:40 PM,0.114,7,440,100
#88888,B,01-24-2022,12:35:06,0.3436,31.29,14.585,456.4,0.4087,87,2.1,38.7,Constant Current,0.0287,0.0287,Fail,1/24/2022 12:35:6 PM,0.114,7,440,100
#88888,A,01-24-2022,12:35:29,0.3425,31.33,14.243,446.2,0.3947,76.7,2.1,37.9,Constant Current,0.02997,0.02997,Fail,1/24/2022 12:35:29 PM,0.114,7,440,100
#88888,B,01-24-2022,12:35:55,0.3437,31.28,14.708,460.1,0.4119,89.3,2.1,38.8,Constant Current,0.02913,0.02913,Fail,1/24/2022 12:35:55 PM,0.114,7,440,100
#88888,A,01-24-2022,12:36:14,0.3428,31.32,14.385,450.5,0.3978,78.9,2.1,38.1,Constant Current,0.03078,0.03078,Fail,1/24/2022 12:36:14 PM,0.114,7,440,100
#88888,B,01-24-2022,12:36:39,0.3437,31.28,14.618,457.3,0.4141,90.9,2.1,38.9,Constant Current,0.02664,0.02664,Fail,1/24/2022 12:36:39 PM,0.114,7,440,100
#88888,A,01-24-2022,12:37:03,0.3429,31.32,14.316,448.4,0.3902,73.3,2.1,38.2,Constant Current,0.03343,0.03343,Fail,1/24/2022 12:37:3 PM,0.114,7,440,100
#88888,B,01-24-2022,12:37:28,0.3438,31.28,14.667,458.7,0.4076,86.1,2.1,38.9,Constant Current,0.03067,0.03067,Fail,1/24/2022 12:37:28 PM,0.114,7,440,100
#88888,A,01-24-2022,12:37:48,0.3428,31.32,14.233,445.8,0.3895,72.8,2.1,38.1,Constant Current,0.03246,0.03246,Fail,1/24/2022 12:37:48 PM,0.114,7,440,100
#88888,B,01-24-2022,12:38:13,0.3439,31.28,14.586,456.2,0.4027,82.5,2.1,39,Constant Current,0.03184,0.03184,Fail,1/24/2022 12:38:13 PM,0.114,7,440,100
#88888,A,01-24-2022,12:38:37,0.343,31.33,14.25,446.4,0.4038,83.4,2.1,38.3,Constant Current,0.02554,0.02554,Fail,1/24/2022 12:38:37 PM,0.114,7,440,100
#88888,B,01-24-2022,12:39:02,0.3438,31.29,14.693,459.7,0.408,86.5,2.1,38.9,Constant Current,0.03078,0.03078,Fail,1/24/2022 12:39:2 PM,0.114,7,440,100
#88888,A,01-24-2022,12:39:22,0.3431,31.34,14.316,448.7,0.3994,80.1,2.1,38.4,Constant Current,0.02871,0.02871,Fail,1/24/2022 12:39:22 PM,0.114,7,440,100
#88888,B,01-24-2022,12:39:46,0.3439,31.29,14.609,457.1,0.4059,84.9,2.1,39,Constant Current,0.03047,0.03047,Fail,1/24/2022 12:39:46 PM,0.114,7,440,100
#88888,A,01-24-2022,12:40:11,0.3433,31.33,14.283,447.5,0.3917,74.4,2.1,38.5,Constant Current,0.03205,0.03205,Fail,1/24/2022 12:40:11 PM,0.114,7,440,100
#88888,B,01-24-2022,12:40:35,0.344,31.28,14.665,458.8,0.4095,87.6,2.1,39.1,Constant Current,0.02963,0.02963,Fail,1/24/2022 12:40:35 PM,0.114,7,440,100
#88888,A,01-24-2022,12:40:56,0.3433,31.32,14.248,446.3,0.3906,73.6,2.1,38.5,Constant Current,0.0321,0.0321,Fail,1/24/2022 12:40:56 PM,0.114,7,440,100
#88888,B,01-24-2022,12:41:20,0.344,31.3,14.663,459,0.404,83.5,2.1,39.1,Constant Current,0.03221,0.03221,Fail,1/24/2022 12:41:20 PM,0.114,7,440,100
#88888,A,01-24-2022,12:41:45,0.3432,31.34,14.343,449.5,0.3907,73.7,2.1,38.4,Constant Current,0.03351,0.03351,Fail,1/24/2022 12:41:45 PM,0.114,7,440,100
#88888,B,01-24-2022,12:42:08,0.3442,31.3,14.632,458,0.4069,85.6,2.1,39.2,Constant Current,0.03031,0.03031,Fail,1/24/2022 12:42:8 PM,0.114,7,440,100
#88888,A,01-24-2022,12:42:30,0.3431,31.35,14.341,449.5,0.3904,73.4,2.1,38.4,Constant Current,0.03355,0.03355,Fail,1/24/2022 12:42:30 PM,0.114,7,440,100
#88888,B,01-24-2022,12:42:53,0.3442,31.31,14.711,460.6,0.4043,83.6,2.1,39.2,Constant Current,0.0328,0.0328,Fail,1/24/2022 12:42:53 PM,0.114,7,440,100
#88888,A,01-24-2022,12:43:19,0.3432,31.34,14.284,447.7,0.3902,73.3,2.1,38.5,Constant Current,0.03279,0.03279,Fail,1/24/2022 12:43:19 PM,0.114,7,440,100
#88888,B,01-24-2022,12:43:42,0.3443,31.3,14.811,463.6,0.4178,93.6,2.1,39.3,Constant Current,0.02771,0.02771,Fail,1/24/2022 12:43:42 PM,0.114,7,440,100
#88888,A,01-24-2022,12:44:04,0.3432,31.33,14.264,446.9,0.4048,84.1,2.1,38.4,Constant Current,0.02521,0.02521,Fail,1/24/2022 12:44:4 PM,0.114,7,440,100
#88888,B,01-24-2022,12:44:26,0.3443,31.29,14.696,459.8,0.4058,84.8,2.1,39.3,Constant Current,0.03196,0.03196,Fail,1/24/2022 12:44:26 PM,0.114,7,440,100
#88888,A,01-24-2022,12:44:53,0.3431,31.33,14.3,448,0.4008,81.2,2.1,38.4,Constant Current,0.02784,0.02784,Fail,1/24/2022 12:44:53 PM,0.114,7,440,100
#88888,B,01-24-2022,12:45:15,0.3443,31.3,14.632,457.9,0.4131,90.2,2.1,39.3,Constant Current,0.02721,0.02721,Fail,1/24/2022 12:45:15 PM,0.114,7,440,100
#88888,A,01-24-2022,12:45:38,0.343,31.32,14.279,447.2,0.401,81.3,2.1,38.3,Constant Current,0.02744,0.02744,Fail,1/24/2022 12:45:38 PM,0.114,7,440,100
#88888,B,01-24-2022,12:46:00,0.3442,31.29,14.637,458,0.3996,80.2,2.1,39.3,Constant Current,0.0341,0.0341,Fail,1/24/2022 12:46:0 PM,0.114,7,440,100
#88888,A,01-24-2022,12:46:27,0.3433,31.32,14.237,446,0.3938,76,2.1,38.5,Constant Current,0.03034,0.03034,Fail,1/24/2022 12:46:27 PM,0.114,7,440,100
#88888,B,01-24-2022,12:46:49,0.3443,31.29,14.627,457.6,0.4072,85.8,2.1,39.3,Constant Current,0.03016,0.03016,Fail,1/24/2022 12:46:49 PM,0.114,7,440,100
#88888,A,01-24-2022,12:47:11,0.3433,31.33,14.225,445.7,0.4011,81.3,2.1,38.5,Constant Current,0.02647,0.02647,Fail,1/24/2022 12:47:11 PM,0.114,7,440,100
#88888,B,01-24-2022,12:47:34,0.3443,31.28,14.691,459.5,0.4088,87,2.1,39.3,Constant Current,0.03044,0.03044,Fail,1/24/2022 12:47:34 PM,0.114,7,440,100
#88888,A,01-24-2022,12:48:01,0.3436,31.32,14.303,447.9,0.3922,74.7,2.1,38.8,Constant Current,0.03226,0.03226,Fail,1/24/2022 12:48:1 PM,0.114,7,440,100
#88888,B,01-24-2022,12:48:22,0.3444,31.29,14.639,458,0.402,82,2.1,39.4,Constant Current,0.03292,0.03292,Fail,1/24/2022 12:48:22 PM,0.114,7,440,100
#88888,A,01-24-2022,12:48:45,0.3436,31.32,14.282,447.3,0.3916,74.3,2.1,38.7,Constant Current,0.0322,0.0322,Fail,1/24/2022 12:48:45 PM,0.114,7,440,100
#88888,B,01-24-2022,12:49:07,0.3445,31.27,14.724,460.4,0.4169,93,2.1,39.5,Constant Current,0.02694,0.02694,Fail,1/24/2022 12:49:7 PM,0.114,7,440,100
#88888,A,01-24-2022,12:49:34,0.3433,31.33,14.257,446.6,0.3915,74.3,2.1,38.5,Constant Current,0.03179,0.03179,Fail,1/24/2022 12:49:34 PM,0.114,7,440,100
#88888,B,01-24-2022,12:49:56,0.3444,31.29,14.657,458.6,0.4048,84.1,2.1,39.4,Constant Current,0.0318,0.0318,Fail,1/24/2022 12:49:56 PM,0.114,7,440,100
#88888,A,01-24-2022,12:50:19,0.3432,31.33,14.282,447.4,0.4074,86,2.1,38.5,Constant Current,0.02427,0.02427,Fail,1/24/2022 12:50:19 PM,0.114,7,440,100
#88888,B,01-24-2022,12:50:41,0.3444,31.29,14.694,459.7,0.4081,86.5,2.1,39.4,Constant Current,0.03078,0.03078,Fail,1/24/2022 12:50:41 PM,0.114,7,440,100
#88888,A,01-24-2022,12:51:08,0.344,31.31,14.32,448.4,0.4043,83.7,2.1,39.1,Constant Current,0.02652,0.02652,Fail,1/24/2022 12:51:8 PM,0.114,7,440,100
#88888,B,01-24-2022,12:51:30,0.3446,31.29,14.695,459.9,0.4185,94.1,2.1,39.5,Constant Current,0.02554,0.02554,Fail,1/24/2022 12:51:30 PM,0.114,7,440,100
#88888,A,01-24-2022,12:51:53,0.3433,31.34,14.25,446.6,0.3942,76.2,2.1,38.6,Constant Current,0.03027,0.03027,Fail,1/24/2022 12:51:53 PM,0.114,7,440,100
#88888,B,01-24-2022,12:52:14,0.3445,31.29,14.761,461.9,0.3868,70.7,2.1,39.5,Constant Current,0.0425,0.0425,Fail,1/24/2022 12:52:14 PM,0.114,7,440,100
#88888,A,01-24-2022,12:52:42,0.3438,31.31,14.237,445.8,0.3977,78.8,2.1,38.9,Constant Current,0.0285,0.0285,Fail,1/24/2022 12:52:42 PM,0.114,7,440,100
#88888,B,01-24-2022,12:53:03,0.3445,31.29,14.797,463,0.4097,87.6,2.1,39.5,Constant Current,0.03157,0.03157,Fail,1/24/2022 12:53:3 PM,0.114,7,440,100
#88888,A,01-24-2022,12:53:27,0.3435,31.33,14.331,448.9,0.3948,76.7,2.1,38.7,Constant Current,0.03135,0.03135,Fail,1/24/2022 12:53:27 PM,0.114,7,440,100
#88888,B,01-24-2022,12:53:48,0.3446,31.29,14.652,458.5,0.406,84.9,2.1,39.5,Constant Current,0.03111,0.03111,Fail,1/24/2022 12:53:48 PM,0.114,7,440,100
#88888,A,01-24-2022,12:54:16,0.3436,31.33,14.276,447.3,0.3931,75.4,2.1,38.8,Constant Current,0.03124,0.03124,Fail,1/24/2022 12:54:16 PM,0.114,7,440,100
#88888,B,01-24-2022,12:54:37,0.3445,31.28,15.113,472.8,0.408,86.4,2.1,39.5,Constant Current,0.03758,0.03758,Fail,1/24/2022 12:54:37 PM,0.114,7,440,100
#88888,A,01-24-2022,12:55:01,0.3438,31.33,14.27,447,0.4078,86.3,2.1,38.9,Constant Current,0.02387,0.02387,Fail,1/24/2022 12:55:1 PM,0.114,7,440,100
#88888,B,01-24-2022,12:55:22,0.3446,31.28,15.148,473.9,0.4192,94.6,2.1,39.6,Constant Current,0.03252,0.03252,Fail,1/24/2022 12:55:22 PM,0.114,7,440,100
#88888,A,01-24-2022,12:55:50,0.3439,31.32,14.277,447.2,0.4016,81.7,2.1,39,Constant Current,0.02708,0.02708,Fail,1/24/2022 12:55:50 PM,0.114,7,440,100
#88888,B,01-24-2022,12:56:11,0.3445,31.28,14.74,461.1,0.4114,88.9,2.1,39.5,Constant Current,0.02992,0.02992,Fail,1/24/2022 12:56:11 PM,0.114,7,440,100
#88888,A,01-24-2022,12:56:35,0.3438,31.33,14.374,450.3,0.4006,81,2.1,39,Constant Current,0.02912,0.02912,Fail,1/24/2022 12:56:35 PM,0.114,7,440,100
#88888,B,01-24-2022,12:56:55,0.3446,31.28,14.778,462.3,0.4045,83.8,2.1,39.5,Constant Current,0.03395,0.03395,Fail,1/24/2022 12:56:55 PM,0.114,7,440,100
#88888,A,01-24-2022,13:54:50,0.3311,31.32,13.73,430,0.3888,73.2,2.1,28.9,Constant Current,0.02478,0.02478,Fail,1/24/2022 1:54:50 PM,0.114,7,440,100
#88888,B,01-24-2022,13:54:56,0.336,31.28,14.09,440.8,0.3995,80.8,2.1,32.7,Constant Current,0.02544,0.02544,Fail,1/24/2022 1:54:56 PM,0.114,7,440,100
